-- MySQL dump 10.13  Distrib 5.7.17, for Win64 (x86_64)
--
-- Host: localhost    Database: aplikasi
-- ------------------------------------------------------
-- Server version	5.7.22

/*!40101 SET @OLD_CHARACTER_SET_CLIENT=@@CHARACTER_SET_CLIENT */;
/*!40101 SET @OLD_CHARACTER_SET_RESULTS=@@CHARACTER_SET_RESULTS */;
/*!40101 SET @OLD_COLLATION_CONNECTION=@@COLLATION_CONNECTION */;
/*!40101 SET NAMES utf8 */;
/*!40103 SET @OLD_TIME_ZONE=@@TIME_ZONE */;
/*!40103 SET TIME_ZONE='+00:00' */;
/*!40014 SET @OLD_UNIQUE_CHECKS=@@UNIQUE_CHECKS, UNIQUE_CHECKS=0 */;
/*!40014 SET @OLD_FOREIGN_KEY_CHECKS=@@FOREIGN_KEY_CHECKS, FOREIGN_KEY_CHECKS=0 */;
/*!40101 SET @OLD_SQL_MODE=@@SQL_MODE, SQL_MODE='NO_AUTO_VALUE_ON_ZERO' */;
/*!40111 SET @OLD_SQL_NOTES=@@SQL_NOTES, SQL_NOTES=0 */;

--
-- Table structure for table `kelas`
--

DROP TABLE IF EXISTS `kelas`;
/*!40101 SET @saved_cs_client     = @@character_set_client */;
/*!40101 SET character_set_client = utf8 */;
CREATE TABLE `kelas` (
  `id_kelas` int(11) NOT NULL AUTO_INCREMENT,
  `nama_kelas` varchar(10) NOT NULL,
  `kompetensi_keahlian` varchar(50) NOT NULL,
  PRIMARY KEY (`id_kelas`)
) ENGINE=InnoDB AUTO_INCREMENT=5 DEFAULT CHARSET=utf8mb4;
/*!40101 SET character_set_client = @saved_cs_client */;

--
-- Dumping data for table `kelas`
--

LOCK TABLES `kelas` WRITE;
/*!40000 ALTER TABLE `kelas` DISABLE KEYS */;
INSERT INTO `kelas` VALUES (1,'X MIPA 1','IPA'),(2,'XI IPS 1','IPS'),(3,'XII BAHASA','BAHASA/SASTRA');
/*!40000 ALTER TABLE `kelas` ENABLE KEYS */;
UNLOCK TABLES;

--
-- Table structure for table `pembayaran`
--

DROP TABLE IF EXISTS `pembayaran`;
/*!40101 SET @saved_cs_client     = @@character_set_client */;
/*!40101 SET character_set_client = utf8 */;
CREATE TABLE `pembayaran` (
  `id_pembayaran` int(11) NOT NULL AUTO_INCREMENT,
  `id_petugas` int(11) NOT NULL,
  `nisn` varchar(11) NOT NULL,
  `tgl_bayar` date NOT NULL,
  `bulan_dibayar` varchar(8) NOT NULL,
  `tahun_dibayar` varchar(4) NOT NULL,
  `id_spp` int(11) NOT NULL,
  `jumlah_bayar` int(11) NOT NULL,
  PRIMARY KEY (`id_pembayaran`),
  KEY `id_petugas` (`id_petugas`),
  KEY `nisn` (`nisn`),
  KEY `id_spp` (`id_spp`),
  CONSTRAINT `pembayaran_ibfk_1` FOREIGN KEY (`id_petugas`) REFERENCES `petugas` (`id_petugas`),
  CONSTRAINT `pembayaran_ibfk_2` FOREIGN KEY (`nisn`) REFERENCES `siswa` (`nisn`),
  CONSTRAINT `pembayaran_ibfk_3` FOREIGN KEY (`id_spp`) REFERENCES `siswa` (`id_spp`)
) ENGINE=InnoDB AUTO_INCREMENT=3 DEFAULT CHARSET=utf8mb4;
/*!40101 SET character_set_client = @saved_cs_client */;

--
-- Dumping data for table `pembayaran`
--

LOCK TABLES `pembayaran` WRITE;
/*!40000 ALTER TABLE `pembayaran` DISABLE KEYS */;
INSERT INTO `pembayaran` VALUES (2,2,'2020112233','2021-03-30','maret','2019',3,300000);
/*!40000 ALTER TABLE `pembayaran` ENABLE KEYS */;
UNLOCK TABLES;

--
-- Table structure for table `petugas`
--

DROP TABLE IF EXISTS `petugas`;
/*!40101 SET @saved_cs_client     = @@character_set_client */;
/*!40101 SET character_set_client = utf8 */;
CREATE TABLE `petugas` (
  `id_petugas` int(11) NOT NULL AUTO_INCREMENT,
  `username` varchar(25) NOT NULL,
  `password` varchar(32) NOT NULL,
  `nama_petugas` varchar(35) NOT NULL,
  `level` enum('admin','petugas','siswa') NOT NULL,
  PRIMARY KEY (`id_petugas`)
) ENGINE=InnoDB AUTO_INCREMENT=9 DEFAULT CHARSET=utf8mb4;
/*!40101 SET character_set_client = @saved_cs_client */;

--
-- Dumping data for table `petugas`
--

LOCK TABLES `petugas` WRITE;
/*!40000 ALTER TABLE `petugas` DISABLE KEYS */;
INSERT INTO `petugas` VALUES (1,'admin1','admin','April','admin'),(2,'petugas1','petugas','lia','petugas'),(3,'oalahbro','404notfound','oalahbro','petugas'),(7,'2020112233','ramdan','ramdan','siswa');
/*!40000 ALTER TABLE `petugas` ENABLE KEYS */;
UNLOCK TABLES;

--
-- Table structure for table `siswa`
--

DROP TABLE IF EXISTS `siswa`;
/*!40101 SET @saved_cs_client     = @@character_set_client */;
/*!40101 SET character_set_client = utf8 */;
CREATE TABLE `siswa` (
  `nisn` varchar(11) NOT NULL,
  `nis` varchar(11) NOT NULL,
  `nama` varchar(35) NOT NULL,
  `id_kelas` int(11) NOT NULL,
  `alamat` text NOT NULL,
  `no_telp` varchar(13) NOT NULL,
  `id_spp` int(11) NOT NULL,
  `jenis_kelamin` char(1) DEFAULT NULL,
  PRIMARY KEY (`nisn`),
  KEY `id_kelas` (`id_kelas`),
  KEY `id_spp` (`id_spp`),
  CONSTRAINT `siswa_ibfk_1` FOREIGN KEY (`id_kelas`) REFERENCES `kelas` (`id_kelas`),
  CONSTRAINT `siswa_ibfk_2` FOREIGN KEY (`id_spp`) REFERENCES `spp` (`id_spp`)
) ENGINE=InnoDB DEFAULT CHARSET=utf8mb4;
/*!40101 SET character_set_client = @saved_cs_client */;

--
-- Dumping data for table `siswa`
--

LOCK TABLES `siswa` WRITE;
/*!40000 ALTER TABLE `siswa` DISABLE KEYS */;
INSERT INTO `siswa` VALUES ('2020112233','18191010','Muhammad Ramdan',1,'Perumahan Padasuka blok c no.32','089665412345',3,'L'),('2020112234','18191011','Ahmad Setiawan',2,'Perumahan Giriharja blok g no.135','087653998764',2,'L'),('2020112235','18191012','Mira Helmalia',3,'Komplek Sumur bandung no.76','081432567890',1,'P'),('2020112236','181910123','Aisha Amira Devina',2,'Perumahan Alam Indah blok f no.211','085677908443',2,'P'),('2020112237','18191013','Muhamad Hendra',3,'Perumahan Padasuka blok a no.4','082456334987',1,'L'),('2020112238','18191014','tanti Dwi Putri',1,'Perumahan Mekar Mukti blok b no.43','085222674908',3,'P');
/*!40000 ALTER TABLE `siswa` ENABLE KEYS */;
UNLOCK TABLES;

--
-- Table structure for table `spp`
--

DROP TABLE IF EXISTS `spp`;
/*!40101 SET @saved_cs_client     = @@character_set_client */;
/*!40101 SET character_set_client = utf8 */;
CREATE TABLE `spp` (
  `id_spp` int(11) NOT NULL AUTO_INCREMENT,
  `tahun` int(11) NOT NULL,
  `nominal` int(11) NOT NULL,
  PRIMARY KEY (`id_spp`)
) ENGINE=InnoDB AUTO_INCREMENT=5 DEFAULT CHARSET=utf8mb4;
/*!40101 SET character_set_client = @saved_cs_client */;

--
-- Dumping data for table `spp`
--

LOCK TABLES `spp` WRITE;
/*!40000 ALTER TABLE `spp` DISABLE KEYS */;
INSERT INTO `spp` VALUES (1,2019,130000),(2,2020,140000),(3,2021,150000);
/*!40000 ALTER TABLE `spp` ENABLE KEYS */;
UNLOCK TABLES;
/*!40103 SET TIME_ZONE=@OLD_TIME_ZONE */;

/*!40101 SET SQL_MODE=@OLD_SQL_MODE */;
/*!40014 SET FOREIGN_KEY_CHECKS=@OLD_FOREIGN_KEY_CHECKS */;
/*!40014 SET UNIQUE_CHECKS=@OLD_UNIQUE_CHECKS */;
/*!40101 SET CHARACTER_SET_CLIENT=@OLD_CHARACTER_SET_CLIENT */;
/*!40101 SET CHARACTER_SET_RESULTS=@OLD_CHARACTER_SET_RESULTS */;
/*!40101 SET COLLATION_CONNECTION=@OLD_COLLATION_CONNECTION */;
/*!40111 SET SQL_NOTES=@OLD_SQL_NOTES */;

-- Dump completed on 2024-05-07 22:44:27
